Das ist ein Magazin.&nbsp;[sound:oddcast-b6ca5d64-9f188a3a-ca2edc54-1f422b97-fa97a8ba.mp3],Esta é uma revista.&nbsp;[sound:oddcast-5b81580d-ca089281-80fc2f62-3773902c-91572165.mp3],y,
Entschuldigen Sie.&nbsp;[sound:oddcast-1bd42a0b-7aa89f61-3e84271f-b9e36857-c90b0f75.mp3],Com sua licença.&nbsp;[sound:oddcast-6e6379b7-72837b91-f1b38965-be6a2a03-26fe4c65.mp3],y,
Vielen Dank.&nbsp;[sound:oddcast-84a1b465-cd8e4a79-b97818a0-f6d80aea-3232b8a0.mp3],Muito obrigado.&nbsp;[sound:oddcast-bdbda104-8c22d545-d7e3ef54-67d0f313-02943966.mp3],y,
Was ist das?&nbsp;[sound:oddcast-afdc9836-ecb95a7b-4b6541b5-b13ac586-31ff9648.mp3],O que é isto ? [sound:oddcast-e80c2776-f4b7c3cf-75a35dfa-538fc59f-a88eea47.mp3],y,
Das ist nicht wichtig.&nbsp;[sound:oddcast-87a2b074-0c1e32ce-0512e948-9a864c90-5887ad8a.mp3],Isto não é importante.&nbsp;[sound:oddcast-175c1eaa-8cc3a3ec-2f5b9157-864ab3d0-a2b62c1a.mp3],y,
"""Wir sehen einen Regenbogen aus Rot, Gelb, Orange, Grün, Hellblau, Dunkelblau und Violett.&nbsp;[sound:oddcast-45e80cb2-0a7a3620-ab6045be-52893c7a-362b7f62.mp3] <br> <img src=""""https://raw.githubusercontent.com/frgomes/anki-decks/master/German_Portuguese/assets/Story-001.png?token=AAJTCXVM637FEUDIZDLY5ZC76I2JI""""> ""","""Vemos um arco-íris com as cores: vermelho, amarelo, laranja, verde, azul claro, azul escuro e violeta.&nbsp;[sound:oddcast-dff5534a-1cd61eef-4d7dcdb0-1d77921e-d128f78a.mp3] <br> <img src=""""https://raw.githubusercontent.com/frgomes/anki-decks/master/German_Portuguese/assets/Story-001.png?token=AAJTCXVM637FEUDIZDLY5ZC76I2JI""""> """,y,
"""Auf der linken Seite sehen wir einen Baum.&nbsp;[sound:oddcast-b9de953b-e89173bd-c871d0d0-402d6579-2590e22f.mp3] <br> <img src=""""https://raw.githubusercontent.com/frgomes/anki-decks/master/German_Portuguese/assets/Story-001.png?token=AAJTCXVM637FEUDIZDLY5ZC76I2JI""""> ""","""Do lado esquerdo vemos uma árvore.&nbsp;[sound:oddcast-54640c7a-e662d22c-5f85dc26-a1b59e7a-da24f381.mp3] <br> <img src=""""https://raw.githubusercontent.com/frgomes/anki-decks/master/German_Portuguese/assets/Story-001.png?token=AAJTCXVM637FEUDIZDLY5ZC76I2JI""""> """,y,
"""Der Baumstamm linke Seite ist braun.&nbsp;[sound:oddcast-e0f048fc-5f802c32-7eaecd59-af9dc578-4fd5a167.mp3] <br> <img src=""""https://raw.githubusercontent.com/frgomes/anki-decks/master/German_Portuguese/assets/Story-001.png?token=AAJTCXVM637FEUDIZDLY5ZC76I2JI""""> ""","""O tronco da árvore do lado esquerdo é marrom.&nbsp;[sound:oddcast-815721ce-95f60483-4c1026ac-1084d1b6-e2ac8a8a.mp3] <br> <img src=""""https://raw.githubusercontent.com/frgomes/anki-decks/master/German_Portuguese/assets/Story-001.png?token=AAJTCXVM637FEUDIZDLY5ZC76I2JI""""> """,y,
"""Die Blätter auf der linken Seite des Baumes sind grün.&nbsp;[sound:oddcast-7841c607-bf0b887f-14ef046d-096dabf7-0273f91b.mp3] <br> <img src=""""https://raw.githubusercontent.com/frgomes/anki-decks/master/German_Portuguese/assets/Story-001.png?token=AAJTCXVM637FEUDIZDLY5ZC76I2JI""""> ""","""As folhas da árvore do lado esquerdo são verdes.&nbsp;[sound:oddcast-fe6e1aab-e0df16a6-2455379e-80551813-563546c5.mp3] <br> <img src=""""https://raw.githubusercontent.com/frgomes/anki-decks/master/German_Portuguese/assets/Story-001.png?token=AAJTCXVM637FEUDIZDLY5ZC76I2JI""""> """,y,
"""Der Baum linke Seite hat ein Nest mit Vögeln auf einem Ast.&nbsp;[sound:oddcast-737e122f-6800c369-d9bd2c25-c2425ef9-0fdca5cc.mp3] <br> <img src=""""https://raw.githubusercontent.com/frgomes/anki-decks/master/German_Portuguese/assets/Story-001.png?token=AAJTCXVM637FEUDIZDLY5ZC76I2JI""""> ""","""A árvore do lado esquerdo tem um ninho com passarinhos sobre um galho.&nbsp;[sound:oddcast-ed6c3a62-8648159f-059c0111-a6ac9c93-3c02c405.mp3] <br> <img src=""""https://raw.githubusercontent.com/frgomes/anki-decks/master/German_Portuguese/assets/Story-001.png?token=AAJTCXVM637FEUDIZDLY5ZC76I2JI""""> """,y,
"""Es hat einen großen Vogel und drei Küken im Nest.&nbsp;[sound:oddcast-536f8bc6-b8614226-2cbe6a97-9e6959c3-34fa5997.mp3] <br> <img src=""""https://raw.githubusercontent.com/frgomes/anki-decks/master/German_Portuguese/assets/Story-001.png?token=AAJTCXVM637FEUDIZDLY5ZC76I2JI""""> ""","""Tem um pássaro grande em pé e tres filhotes dentro do ninho.&nbsp;[sound:oddcast-5893472d-d5941a36-ee387b08-54abc632-923d55a4.mp3] <br> <img src=""""https://raw.githubusercontent.com/frgomes/anki-decks/master/German_Portuguese/assets/Story-001.png?token=AAJTCXVM637FEUDIZDLY5ZC76I2JI""""> """,y,
"""Es regnet jetzt.&nbsp;[sound:oddcast-cfbf4af6-f23d2ab8-5d72a68c-22d8207a-1a19e6d1.mp3] <br> <img src=""""https://raw.githubusercontent.com/frgomes/anki-decks/master/German_Portuguese/assets/Story-001.png?token=AAJTCXVM637FEUDIZDLY5ZC76I2JI""""> ""","""Está chovendo agora.&nbsp;[sound:oddcast-d01490a6-3b803f50-d3d70c30-c96233d5-d18e4180.mp3] <br> <img src=""""https://raw.githubusercontent.com/frgomes/anki-decks/master/German_Portuguese/assets/Story-001.png?token=AAJTCXVM637FEUDIZDLY5ZC76I2JI""""> """,y,
"""Der Himmel ist klar blau und hat fünf Regenwolken.&nbsp;[sound:oddcast-e7e74ec0-9c16fd80-febd90a3-6d0ae063-72c8b413.mp3] <br> <img src=""""https://raw.githubusercontent.com/frgomes/anki-decks/master/German_Portuguese/assets/Story-001.png?token=AAJTCXVM637FEUDIZDLY5ZC76I2JI""""> ""","""O céu é azul claro e tem cinco nuvens de chuva.&nbsp;[sound:oddcast-fcd9e264-a92c10d1-23a9ce3d-e1b335ff-7741b06f.mp3] <br> <img src=""""https://raw.githubusercontent.com/frgomes/anki-decks/master/German_Portuguese/assets/Story-001.png?token=AAJTCXVM637FEUDIZDLY5ZC76I2JI""""> """,y,
"""Wir sehen elf Vögel am Himmel fliegen.&nbsp;[sound:oddcast-7bb430d1-2d8ce371-1b7834ad-1dff9891-dff3b5c1.mp3] <br> <img src=""""https://raw.githubusercontent.com/frgomes/anki-decks/master/German_Portuguese/assets/Story-001.png?token=AAJTCXVM637FEUDIZDLY5ZC76I2JI""""> ""","""Vemos onze pássaros voando no céu.&nbsp;[sound:oddcast-c05ce14f-b2dc1816-0bc00a96-fe0f8968-afc8d3db.mp3] <br> <img src=""""https://raw.githubusercontent.com/frgomes/anki-decks/master/German_Portuguese/assets/Story-001.png?token=AAJTCXVM637FEUDIZDLY5ZC76I2JI""""> """,y,
"""Der Junge linke Seite trägt ein grünes T-Shirt, graue Hosen und rote Turnschuhe.&nbsp;[sound:oddcast-070d4590-1432df5e-15b91b24-98bf8882-91e9dbf3.mp3] <br> <img src=""""https://raw.githubusercontent.com/frgomes/anki-decks/master/German_Portuguese/assets/Story-001.png?token=AAJTCXVM637FEUDIZDLY5ZC76I2JI""""> ""","""O menino do lado esquerdo veste camiseta verde, calça cinza e tênis vermelho.&nbsp;[sound:oddcast-04ae588f-0967860a-9939816f-555cdf15-45f71fa8.mp3] <br> <img src=""""https://raw.githubusercontent.com/frgomes/anki-decks/master/German_Portuguese/assets/Story-001.png?token=AAJTCXVM637FEUDIZDLY5ZC76I2JI""""> """,y,
"""Der Junge linke Seite hat große Augen und braune Haare.&nbsp;[sound:oddcast-18214db6-fbd4201d-e1ea5092-a1e02b32-42c62162.mp3] <br> <img src=""""https://raw.githubusercontent.com/frgomes/anki-decks/master/German_Portuguese/assets/Story-001.png?token=AAJTCXVM637FEUDIZDLY5ZC76I2JI""""> ""","""O menino do lado esquerdo tem olhos grandes e cabelos castanhos.&nbsp;[sound:oddcast-23fc650c-6e8cc826-811d161b-fec278a2-a4e692a0.mp3] <br> <img src=""""https://raw.githubusercontent.com/frgomes/anki-decks/master/German_Portuguese/assets/Story-001.png?token=AAJTCXVM637FEUDIZDLY5ZC76I2JI""""> """,y,
"""Die Ohren und Augen des Jungen auf der linken Seite sind groß.&nbsp;[sound:oddcast-a0a4e3bc-63658ef5-2c952ce9-d50363a8-97826ffb.mp3] <br> <img src=""""https://raw.githubusercontent.com/frgomes/anki-decks/master/German_Portuguese/assets/Story-001.png?token=AAJTCXVM637FEUDIZDLY5ZC76I2JI""""> ""","""As orelhas e os olhos do menino do lado esquerdo são grandes.&nbsp;[sound:oddcast-d49b911f-e16078e9-90f1d5f7-83230328-6a00ae35.mp3] <br> <img src=""""https://raw.githubusercontent.com/frgomes/anki-decks/master/German_Portuguese/assets/Story-001.png?token=AAJTCXVM637FEUDIZDLY5ZC76I2JI""""> """,y,
"""Der Mund und die Nase des Jungen linke Seite sind klein.&nbsp;[sound:oddcast-3737f335-577d7545-b4f7f9cf-f252f435-4baff3e4.mp3] <br> <img src=""""https://raw.githubusercontent.com/frgomes/anki-decks/master/German_Portuguese/assets/Story-001.png?token=AAJTCXVM637FEUDIZDLY5ZC76I2JI""""> ""","""A boca e o nariz do menino do lado esquerdo são pequenos.&nbsp;[sound:oddcast-a84f3958-ac4a161d-4ba935d7-720ee253-f49d0290.mp3] <br> <img src=""""https://raw.githubusercontent.com/frgomes/anki-decks/master/German_Portuguese/assets/Story-001.png?token=AAJTCXVM637FEUDIZDLY5ZC76I2JI""""> """,y,
Ich habe dieses Wort vergessen.&nbsp;[sound:oddcast-dc40f2d9-7e963787-bc69110d-b87a96b1-0852a50a.mp3],Eu esqueci esta palavra.&nbsp;[sound:oddcast-a52d62dc-e8e825e9-a6cef6bb-f2940b28-78caccef.mp3],y,
Ich bin in einer Minute zurück.&nbsp;[sound:oddcast-c18ac7b1-c97e0286-c99fcafa-2e43f669-e792c965.mp3],Eu volto em um minuto.&nbsp;[sound:oddcast-b548f112-d7581244-a0e292cb-2b190e23-ae74cfec.mp3],y,
Du bist dran.&nbsp;[sound:oddcast-2ff56cdc-e7aa76ea-53f73623-77b12d2d-bd13e663.mp3],Sua vez.&nbsp;[sound:oddcast-68f83f9b-83c951b5-0c059aed-123e0d9c-a9949338.mp3],y,
Wie spreche ich das auf Deutsch?&nbsp;[sound:oddcast-edc6fa10-e1d3dfb1-105f2f18-6073f56d-32d349a9.mp3],Como falo isto em português?&nbsp;[sound:oddcast-bba2d63d-562e678c-c6196a27-45caff62-5ab1890b.mp3],y,
"""Der Junge hat eine kleine Nase.&nbsp;[sound:oddcast-1a88ec49-89d46175-b3fe3de9-0438972e-ab57e440.mp3] <br> <img src=""""https://raw.githubusercontent.com/frgomes/anki-decks/master/German_Portuguese/assets/Story-001.png?token=AAJTCXVM637FEUDIZDLY5ZC76I2JI""""> ""","""O menino tem um nariz pequeno.&nbsp;[sound:oddcast-3f1ecc7f-5cf261f2-5a5f4cff-19624b4a-592fd2d3.mp3] <br> <img src=""""https://raw.githubusercontent.com/frgomes/anki-decks/master/German_Portuguese/assets/Story-001.png?token=AAJTCXVM637FEUDIZDLY5ZC76I2JI""""> """,y,
"""Der Junge hat einen kleinen Mund.&nbsp;[sound:oddcast-7bc51dc3-b3dc4183-7a0ee490-452533b1-376d1615.mp3] <br> <img src=""""https://raw.githubusercontent.com/frgomes/anki-decks/master/German_Portuguese/assets/Story-001.png?token=AAJTCXVM637FEUDIZDLY5ZC76I2JI""""> ""","""O menino tem uma boca pequena.&nbsp;[sound:oddcast-de16a53d-7870cf8c-29c4ef1c-91769a05-37868074.mp3]<br> <br> <img src=""""https://raw.githubusercontent.com/frgomes/anki-decks/master/German_Portuguese/assets/Story-001.png?token=AAJTCXVM637FEUDIZDLY5ZC76I2JI""""> """,y,
"""Eine große Ente und drei Entenküken schwimmen im Flusswasser.&nbsp;[sound:oddcast-11069418-a0a5e1e3-f4d83bcd-0b28fdf0-6b0aff39.mp3] <br> <img src=""""https://raw.githubusercontent.com/frgomes/anki-decks/master/German_Portuguese/assets/Story-001.png?token=AAJTCXVM637FEUDIZDLY5ZC76I2JI""""> ""","""Um pato grande e tres patinhos nadam sobre a água do rio.&nbsp;[sound:oddcast-dac4e0e5-42cecf36-7603b37b-e11d56dd-c31db215.mp3]<br> <br> <img src=""""https://raw.githubusercontent.com/frgomes/anki-decks/master/German_Portuguese/assets/Story-001.png?token=AAJTCXVM637FEUDIZDLY5ZC76I2JI""""> """,y,
"""Die Ente hat einen gelben Schnabel und einen grünen Kopf.&nbsp;[sound:oddcast-7d7102f7-9c36f56e-db201e19-c5ec3c82-4c538cd4.mp3] <br> <img src=""""https://raw.githubusercontent.com/frgomes/anki-decks/master/German_Portuguese/assets/Story-001.png?token=AAJTCXVM637FEUDIZDLY5ZC76I2JI""""> ""","""O pato tem bico amarelo e cabeça verde.&nbsp;[sound:oddcast-cca2c768-27c370c3-d6434a89-3c511e47-a50caf08.mp3] <br> <img src=""""https://raw.githubusercontent.com/frgomes/anki-decks/master/German_Portuguese/assets/Story-001.png?token=AAJTCXVM637FEUDIZDLY5ZC76I2JI""""> """,y,
"""Der Körper der Ente ist braun und der Schnabel ist gelb.&nbsp;[sound:oddcast-cacd60be-8b20c466-e561fc56-c00fea4d-098dfdc9.mp3] <br> <img src=""""https://raw.githubusercontent.com/frgomes/anki-decks/master/German_Portuguese/assets/Story-001.png?token=AAJTCXVM637FEUDIZDLY5ZC76I2JI""""> ""","""O corpo do pato é marrom e o bico é amarelo.&nbsp;[sound:oddcast-77410a3f-ffaa46e3-f566fee5-bbb4ffea-d4d80045.mp3] <br> <img src=""""https://raw.githubusercontent.com/frgomes/anki-decks/master/German_Portuguese/assets/Story-001.png?token=AAJTCXVM637FEUDIZDLY5ZC76I2JI""""> """,y,
"""Entenküken sind gelb und schwimmen um die große Ente.&nbsp;[sound:oddcast-99c9876c-1abea026-0950e9ae-1ba79ffd-f3e17ba9.mp3] <br> <img src=""""https://raw.githubusercontent.com/frgomes/anki-decks/master/German_Portuguese/assets/Story-001.png?token=AAJTCXVM637FEUDIZDLY5ZC76I2JI""""> ""","""Os patinhos são amarelos e nadam ao redor do pato grande.&nbsp;[sound:oddcast-a4108d24-35467a80-7a6e53b7-ace29e76-f5847bdc.mp3] <br> <img src=""""https://raw.githubusercontent.com/frgomes/anki-decks/master/German_Portuguese/assets/Story-001.png?token=AAJTCXVM637FEUDIZDLY5ZC76I2JI""""> """,y,
"""Wir sehen eine Kuh und ein Schaf auf dem Feld.&nbsp;[sound:oddcast-cb7ecd2d-25c42989-22d92160-938c7b0c-18c1843a.mp3] <br> <img src=""""https://raw.githubusercontent.com/frgomes/anki-decks/master/German_Portuguese/assets/Story-001.png?token=AAJTCXVM637FEUDIZDLY5ZC76I2JI""""> ""","""Vemos uma vaca e uma ovelha no campo.&nbsp;[sound:oddcast-79816fc5-d2311634-3f8fd341-0ce7d8d5-302cd39b.mp3] <br> <img src=""""https://raw.githubusercontent.com/frgomes/anki-decks/master/German_Portuguese/assets/Story-001.png?token=AAJTCXVM637FEUDIZDLY5ZC76I2JI""""> """,y,
"""Die Kuh und die Schafe fressen Gras.&nbsp;[sound:oddcast-6ade5fd4-6a65cda7-952bd518-dae076ea-b5b058c4.mp3] <br> <img src=""""https://raw.githubusercontent.com/frgomes/anki-decks/master/German_Portuguese/assets/Story-001.png?token=AAJTCXVM637FEUDIZDLY5ZC76I2JI""""> ""","""A vaca e a ovelha estão comendo grama.&nbsp;[sound:oddcast-7c2f8d9a-d0a8884c-effa5fbe-efe85866-bec5f8f1.mp3] <br> <img src=""""https://raw.githubusercontent.com/frgomes/anki-decks/master/German_Portuguese/assets/Story-001.png?token=AAJTCXVM637FEUDIZDLY5ZC76I2JI""""> """,y,
"""Der Körper der Kuh ist schwarz und das Gesicht weiß.&nbsp;[sound:oddcast-a2427a05-c0bf5fdf-6a262250-d090bd98-a5667975.mp3] <br> <img src=""""https://raw.githubusercontent.com/frgomes/anki-decks/master/German_Portuguese/assets/Story-001.png?token=AAJTCXVM637FEUDIZDLY5ZC76I2JI""""> ""","""O corpo da vaca é preto e o rosto branco.&nbsp;[sound:oddcast-efb05d0d-c22d9169-2c4b08b1-514941aa-3a4737bd.mp3] <br> <img src=""""https://raw.githubusercontent.com/frgomes/anki-decks/master/German_Portuguese/assets/Story-001.png?token=AAJTCXVM637FEUDIZDLY5ZC76I2JI""""> """,y,
"""Das Gesicht des Schafes ist schwarz und der Körper ist weiß.&nbsp;[sound:oddcast-8ba5f3cb-d21d1a4b-4fce51fa-46376891-93ae454f.mp3] <br> <img src=""""https://raw.githubusercontent.com/frgomes/anki-decks/master/German_Portuguese/assets/Story-001.png?token=AAJTCXVM637FEUDIZDLY5ZC76I2JI""""> ""","""O rosto da ovelha é preto e o corpo é branco.&nbsp;[sound:oddcast-aa604f9c-15db656d-da134712-ece83514-270b7971.mp3] <br> <img src=""""https://raw.githubusercontent.com/frgomes/anki-decks/master/German_Portuguese/assets/Story-001.png?token=AAJTCXVM637FEUDIZDLY5ZC76I2JI""""> """,y,
Wie geht es Ihnen?&nbsp;[sound:oddcast-65bad447-ad46180a-2dd99109-232c08f7-62e84c8c.mp3],<div>Como o senhor está?&nbsp;[sound:oddcast-46cd3323-914027a2-37dbba30-16ed9645-0ac96105.mp3]</div>,y,
Wie geht es dir?&nbsp;[sound:oddcast-1668c37a-8320df46-838b57b0-977423ab-99501998.mp3],Como vai você?&nbsp;[sound:oddcast-abdc5779-c6619cbe-7c76620d-59c1abf0-2b10415c.mp3],y,
"""Wir sehen zwei Tulpen und ein Gänseblümchen auf der linken Seite.&nbsp;[sound:oddcast-63a9dd86-af65641b-ae13cfa2-7846c1b1-2d3ddc61.mp3] <br> <img src=""""https://raw.githubusercontent.com/frgomes/anki-decks/master/German_Portuguese/assets/Story-001.png?token=AAJTCXVM637FEUDIZDLY5ZC76I2JI""""> ""","""Vemos duas tulipas e uma margarida do lado esquerdo.&nbsp;[sound:oddcast-d03e0b17-70af8785-8c8fbc38-32b95430-e357e328.mp3] <br> <img src=""""https://raw.githubusercontent.com/frgomes/anki-decks/master/German_Portuguese/assets/Story-001.png?token=AAJTCXVM637FEUDIZDLY5ZC76I2JI""""> """,y,
"""Wir sehen eine Raupe auf einer Blume auf dem Feld rechts.&nbsp;[sound:oddcast-1e266607-f781c1a0-aedfa415-b50ce65b-4e25c857.mp3] <br> <img src=""""https://raw.githubusercontent.com/frgomes/anki-decks/master/German_Portuguese/assets/Story-001.png?token=AAJTCXVM637FEUDIZDLY5ZC76I2JI""""> ""","""Vemos uma lagarta sobre uma flor no campo do lado direito.&nbsp;[sound:oddcast-69f2f88e-3f93362b-ff2ec049-0bf28953-21a2e1c8.mp3] <br> <img src=""""https://raw.githubusercontent.com/frgomes/anki-decks/master/German_Portuguese/assets/Story-001.png?token=AAJTCXVM637FEUDIZDLY5ZC76I2JI""""> """,y,
"""Die Raupe ist grün und hat zwei kleine Augen.&nbsp;[sound:oddcast-81922ee8-f834bb10-22af761d-1f06c0ab-09f5c4c1.mp3] <br> <img src=""""https://raw.githubusercontent.com/frgomes/anki-decks/master/German_Portuguese/assets/Story-001.png?token=AAJTCXVM637FEUDIZDLY5ZC76I2JI""""> ""","""A lagarta é verde e tem dois olhos pequenos.&nbsp;[sound:oddcast-d405c303-e89ac315-ab166f94-ffb2eb32-6c9fa675.mp3] <br> <img src=""""https://raw.githubusercontent.com/frgomes/anki-decks/master/German_Portuguese/assets/Story-001.png?token=AAJTCXVM637FEUDIZDLY5ZC76I2JI""""> """,y,
"""Da ist ein Junge in einem gelb-orangefarbenen Hemd.&nbsp;[sound:oddcast-9f568619-32caa1b0-376bb1cd-c95ca005-9441ea45.mp3] <br> <img src=""""https://raw.githubusercontent.com/frgomes/anki-decks/master/German_Portuguese/assets/Story-001.png?token=AAJTCXVM637FEUDIZDLY5ZC76I2JI""""> ""","""Tem um menino com camisa amarela e laranja.&nbsp;[sound:oddcast-703db965-ab550a37-97837ac1-69d645ee-64ade555.mp3] <br> <img src=""""https://raw.githubusercontent.com/frgomes/anki-decks/master/German_Portuguese/assets/Story-001.png?token=AAJTCXVM637FEUDIZDLY5ZC76I2JI""""> """,y,
"""Der Junge schaut mit einem Fernglas auf das Feld.&nbsp;[sound:oddcast-abd3b030-c819cf4f-ce52c2a0-7403f0aa-7d15634c.mp3] <br> <img src=""""https://raw.githubusercontent.com/frgomes/anki-decks/master/German_Portuguese/assets/Story-001.png?token=AAJTCXVM637FEUDIZDLY5ZC76I2JI""""> ""","""O menino olha o campo com uma luneta.&nbsp;[sound:oddcast-e39724b4-a31b845d-428441f6-216156d1-9262b2e5.mp3] <br> <img src=""""https://raw.githubusercontent.com/frgomes/anki-decks/master/German_Portuguese/assets/Story-001.png?token=AAJTCXVM637FEUDIZDLY5ZC76I2JI""""> """,y,
"""Wir sehen einen Wald mit vielen Bäumen.&nbsp;[sound:oddcast-b6718b67-7780f347-de26fb1d-9faacbc0-b9d5f4b8.mp3] <br> <img src=""""https://raw.githubusercontent.com/frgomes/anki-decks/master/German_Portuguese/assets/Story-001.png?token=AAJTCXVM637FEUDIZDLY5ZC76I2JI""""> ""","""Vemos uma floresta com muitas árvores.&nbsp;[sound:oddcast-618bcab2-d20e93f9-5c61f709-f4be1f18-28d90c4f.mp3] <br> <img src=""""https://raw.githubusercontent.com/frgomes/anki-decks/master/German_Portuguese/assets/Story-001.png?token=AAJTCXVM637FEUDIZDLY5ZC76I2JI""""> """,y,
"""Der Wald liegt vor den Bergen.&nbsp;[sound:oddcast-e7aebaea-796158b9-6afbffb5-749fe097-b0af5d58.mp3] <br> <img src=""""https://raw.githubusercontent.com/frgomes/anki-decks/master/German_Portuguese/assets/Story-001.png?token=AAJTCXVM637FEUDIZDLY5ZC76I2JI""""> ""","""A floresta fica em frente às montanhas.&nbsp;[sound:oddcast-df7531ee-ec2c701f-82106c69-d1c4d490-d5365ebc.mp3] <br> <img src=""""https://raw.githubusercontent.com/frgomes/anki-decks/master/German_Portuguese/assets/Story-001.png?token=AAJTCXVM637FEUDIZDLY5ZC76I2JI""""> """,y,
"""Die Berge sind hinter dem Wald.&nbsp;[sound:oddcast-048f41e6-1784654d-84f02a7c-237a427c-dd03b5df.mp3] <br> <img src=""""https://raw.githubusercontent.com/frgomes/anki-decks/master/German_Portuguese/assets/Story-001.png?token=AAJTCXVM637FEUDIZDLY5ZC76I2JI""""> ""","""As montanhas ficam atrás da floresta.&nbsp;[sound:oddcast-b9bd08c6-1df1f17c-f171ac85-7a3becec-b77e260e.mp3] <br> <img src=""""https://raw.githubusercontent.com/frgomes/anki-decks/master/German_Portuguese/assets/Story-001.png?token=AAJTCXVM637FEUDIZDLY5ZC76I2JI""""> """,y,
"""Wir sehen drei Berge mit Schnee oben.&nbsp;[sound:oddcast-a6c0ce44-b5b9acd1-7a019c0b-83e8bc53-0e81e8a2.mp3] <br> <img src=""""https://raw.githubusercontent.com/frgomes/anki-decks/master/German_Portuguese/assets/Story-001.png?token=AAJTCXVM637FEUDIZDLY5ZC76I2JI""""> ""","""Vemos tres montanhas com neve no topo.&nbsp;[sound:oddcast-65a39a23-aa03085a-722b5a02-7c772832-95ccfb67.mp3] <br> <img src=""""https://raw.githubusercontent.com/frgomes/anki-decks/master/German_Portuguese/assets/Story-001.png?token=AAJTCXVM637FEUDIZDLY5ZC76I2JI""""> """,y,
"""Oben auf den Bergen liegt Schnee.&nbsp;[sound:oddcast-d471c976-c84f505c-92f82a2c-f411161e-cac59ff5.mp3] <br> <img src=""""https://raw.githubusercontent.com/frgomes/anki-decks/master/German_Portuguese/assets/Story-001.png?token=AAJTCXVM637FEUDIZDLY5ZC76I2JI""""> ""","""Tem neve no topo das montanhas.&nbsp;[sound:oddcast-bb59cdb0-058d4296-82beced7-a485eaf8-24bc4df4.mp3] <br> <img src=""""https://raw.githubusercontent.com/frgomes/anki-decks/master/German_Portuguese/assets/Story-001.png?token=AAJTCXVM637FEUDIZDLY5ZC76I2JI""""> """,y,
"""Auf den Bäumen im Wald liegt etwas Schnee.&nbsp;[sound:oddcast-f8cd16dc-b12285e4-c17a076c-0efd1a98-78e11c10.mp3] <br> <img src=""""https://raw.githubusercontent.com/frgomes/anki-decks/master/German_Portuguese/assets/Story-001.png?token=AAJTCXVM637FEUDIZDLY5ZC76I2JI""""> ""","""Tem um pouco de néve nas árvores da floresta.&nbsp;[sound:oddcast-f9851582-9aa538be-e01b9813-cc827a51-b24ce1b6.mp3] <br> <img src=""""https://raw.githubusercontent.com/frgomes/anki-decks/master/German_Portuguese/assets/Story-001.png""""> """,y,
"""Der Junge rechts hat einen Schneeski.&nbsp;[sound:oddcast-795a7657-231e3aed-5d740b9f-80f4ec5c-e748ffc0.mp3] <br> <img src=""""https://raw.githubusercontent.com/frgomes/anki-decks/master/German_Portuguese/assets/Story-001.png?token=AAJTCXVM637FEUDIZDLY5ZC76I2JI""""> ""","""O menino do lado direito tem um ski de neve.&nbsp;[sound:oddcast-3da47a26-e7adf12c-2f76d8ff-2c4f9947-f87a5c33.mp3] <br> <img src=""""https://raw.githubusercontent.com/frgomes/anki-decks/master/German_Portuguese/assets/Story-001.png?token=AAJTCXVM637FEUDIZDLY5ZC76I2JI""""> """,y,
"""Der Junge rechts trägt eine grüne Jacke und eine schwarze Hose.&nbsp;[sound:oddcast-dbeffbdf-c8c0fc24-96dbaacb-9dce9177-99102c52.mp3] <br> <img src=""""https://raw.githubusercontent.com/frgomes/anki-decks/master/German_Portuguese/assets/Story-001.png?token=AAJTCXVM637FEUDIZDLY5ZC76I2JI""""> ""","""O menino do lado direito veste uma jaqueta verde e calça preta.&nbsp;[sound:oddcast-63a3a2bb-7300c06a-b56c269f-e8dde179-caca241f.mp3] <br> <img src=""""https://raw.githubusercontent.com/frgomes/anki-decks/master/German_Portuguese/assets/Story-001.png?token=AAJTCXVM637FEUDIZDLY5ZC76I2JI""""> """,y,
"""Der Junge rechts hat einen Rucksack auf dem Rücken.&nbsp;[sound:oddcast-32ecbb2f-213da9b9-13255a45-6cb65cab-a4562e1b.mp3] <br> <img src=""""https://raw.githubusercontent.com/frgomes/anki-decks/master/German_Portuguese/assets/Story-001.png?token=AAJTCXVM637FEUDIZDLY5ZC76I2JI""""> ""","""O menino do lado direito tem uma mochila nas costas.&nbsp;[sound:oddcast-85dafda4-78af749e-5731b653-4be29d23-4218b821.mp3] <br> <img src=""""https://raw.githubusercontent.com/frgomes/anki-decks/master/German_Portuguese/assets/Story-001.png?token=AAJTCXVM637FEUDIZDLY5ZC76I2JI""""> """,y,
Ich verstehe nicht.&nbsp;[sound:oddcast-421525b0-c21bf304-ee06c3b6-662c6898-0694b45d.mp3],Eu não entendo.&nbsp;[sound:oddcast-71f79201-e0014ebd-952e2e80-9028c5bb-3f6dc26c.mp3],y,
Ich verstehe nur ein bisschen.&nbsp;[sound:oddcast-1fc914b8-ff885dd1-27e34eff-7cc9823f-f0b2aef0.mp3],<div>Eu entendo apenas um pouco.&nbsp;[sound:oddcast-a39da360-96c7b850-a9982541-56212959-8202ecf1.mp3]</div>,y,
Ich weiß nicht was das ist.&nbsp;[sound:oddcast-2d9da6fe-3fb7a4b5-91d3105e-1bed28cd-ee122a47.mp3],Eu não sei o que é isto.&nbsp;[sound:oddcast-e57b0320-717c8da8-0e347325-7d911628-5efa26af.mp3],y,
"""Dies ist ein Chemielabor.&nbsp;[sound:oddcast-69c08f8a-4c480414-c5b66faa-722c3e4b-2bb9c646.mp3] <br> <img src=""""https://github.com/frgomes/anki-decks/raw/master/German_Portuguese/assets/Story-002.png""""> ""","""Isto é um laboratório de química.&nbsp;[sound:oddcast-1696d7c6-30527ca7-223cd1df-6f0340d2-61da4443.mp3] <br> <img src=""""https://github.com/frgomes/anki-decks/raw/master/German_Portuguese/assets/Story-002.png""""> """,y,
"""Es sind zwei Personen im Labor. Ein Mann und ein Junge.&nbsp;[sound:oddcast-bb3ea8eb-2924ac5c-b46b5493-2ceff7e9-637ea01b.mp3] <br> <img src=""""https://github.com/frgomes/anki-decks/raw/master/German_Portuguese/assets/Story-002.png""""> ""","""Tem duas pessoas no laboratório. Um homem e um menino.&nbsp;[sound:oddcast-9aa3c2a6-7acf2b8f-1b962e22-386ea92c-e718d505.mp3] <br> <img src=""""https://github.com/frgomes/anki-decks/raw/master/German_Portuguese/assets/Story-002.png""""> """,y,
"""Der Mann spricht mit dem Jungen.&nbsp;[sound:oddcast-93cf3a6d-acab1ec4-eabb1145-e1ed4b7b-00286c2c.mp3] <br> <img src=""""https://github.com/frgomes/anki-decks/raw/master/German_Portuguese/assets/Story-002.png""""> ""","""O homem fala para o menino.&nbsp;[sound:oddcast-eb5828da-f3318e70-e99e0e02-5e2ba2a6-4498b53d.mp3] <br> <img src=""""https://github.com/frgomes/anki-decks/raw/master/German_Portuguese/assets/Story-002.png""""> """,y,
"""Der Mann trägt ein rosa Hemd, eine braune Hose, eine Taille und graue Schuhe.&nbsp;[sound:oddcast-114bf0db-2e362a69-ea65959c-0e30d40f-82e168b0.mp3] <br> <img src=""""https://github.com/frgomes/anki-decks/raw/master/German_Portuguese/assets/Story-002.png""""> ""","""O homem veste camisa roda, calça marron, cinta e sapatos cinza.&nbsp;[sound:oddcast-738a5495-bae28668-7aec234d-a0dec902-db6f4dc8.mp3] <br> <img src=""""https://github.com/frgomes/anki-decks/raw/master/German_Portuguese/assets/Story-002.png""""> """,y,
"""Der Mann hat eine Armbanduhr am rechten Arm.&nbsp;[sound:oddcast-b73b1ab5-08b75a29-f266acca-2543ffd9-6d2347df.mp3] <br> <img src=""""https://github.com/frgomes/anki-decks/raw/master/German_Portuguese/assets/Story-002.png""""> ""","""O homem tem um relógio de pulso no braço direito.&nbsp;[sound:oddcast-6664b973-363a5009-c2a1ca55-a1777c33-59dccc5f.mp3] <br> <img src=""""https://github.com/frgomes/anki-decks/raw/master/German_Portuguese/assets/Story-002.png""""> """,y,
"""Der Mann trägt eine schwarze Brille.&nbsp;[sound:oddcast-de187fc3-eb73ae7d-7fa04459-fe229353-807ec66d.mp3] <br> <img src=""""https://github.com/frgomes/anki-decks/raw/master/German_Portuguese/assets/Story-002.png""""> ""","""O homem usa óculos preto.&nbsp;[sound:oddcast-5a1a9bb3-69b2270a-09d3d1e7-5a3051ff-8ca67113.mp3] <br> <img src=""""https://github.com/frgomes/anki-decks/raw/master/German_Portuguese/assets/Story-002.png""""> """,y,
"""Die Brille ist schwarz.&nbsp;[sound:oddcast-246ee09d-2968df00-36260e4d-6b89bdca-2651fbcb.mp3] <br> <img src=""""https://github.com/frgomes/anki-decks/raw/master/German_Portuguese/assets/Story-002.png""""> ""","""O óculos é preto.&nbsp;[sound:oddcast-121d8abb-1ae2272d-4e879b0c-e77efcce-ec67fb3e.mp3] <br> <img src=""""https://github.com/frgomes/anki-decks/raw/master/German_Portuguese/assets/Story-002.png""""> """,y,
"""Der Mann hat schwarze Haare.&nbsp;[sound:oddcast-acf20055-8a33112c-60633331-eae1d87b-06b9ac43.mp3] <br> <img src=""""https://github.com/frgomes/anki-decks/raw/master/German_Portuguese/assets/Story-002.png""""> ""","""O homem tem cabelos pretos.&nbsp;[sound:oddcast-5744af6d-495d3b77-54c70bfe-f3080125-9e40f949.mp3] <br> <img src=""""https://github.com/frgomes/anki-decks/raw/master/German_Portuguese/assets/Story-002.png""""> """,y,
"""Der Junge trägt ein hellblaues T-Shirt und dunkelblaue Shorts.&nbsp;[sound:oddcast-d0bbefde-a4aad8e5-9c8e6862-468e2b75-7dcb9087.mp3] <br> <img src=""""https://github.com/frgomes/anki-decks/raw/master/German_Portuguese/assets/Story-002.png""""> ""","""O menino veste camiseta azul claro e shorts azul escuro.&nbsp;[sound:oddcast-05adf1d0-2bc59840-8b3f8d76-403120a2-c8b57509.mp3] <br> <img src=""""https://github.com/frgomes/anki-decks/raw/master/German_Portuguese/assets/Story-002.png""""> """,y,
"""Der Junge trägt hellgraue Socken und dunkelgraue Turnschuhe.&nbsp;[sound:oddcast-e3f12b00-822a3c6c-e08d18bc-845922d2-8a7dcc64.mp3] <br> <img src=""""https://github.com/frgomes/anki-decks/raw/master/German_Portuguese/assets/Story-002.png""""> ""","""O menino calça meias cinza claro e tênis cinza escuro.&nbsp;[sound:oddcast-bac1d849-d72b08ea-b53f921c-db7cfdc6-71e65e8f.mp3] <br> <img src=""""https://github.com/frgomes/anki-decks/raw/master/German_Portuguese/assets/Story-002.png""""> """,y,
"""Der Junge hält einen braunen Baseballschläger.&nbsp;[sound:oddcast-91ecf946-f303126d-125737a7-d15ea590-cbe3653c.mp3] <br> <img src=""""https://github.com/frgomes/anki-decks/raw/master/German_Portuguese/assets/Story-002.png""""> ""","""O menino segura um taco de baseball marrom.&nbsp;[sound:oddcast-65ac5c43-1bd839ae-2c1a8097-fb2b13e5-b029e2bb.mp3] <br> <img src=""""https://github.com/frgomes/anki-decks/raw/master/German_Portuguese/assets/Story-002.png""""> """,y,
"""Hinter dem Jungen sehen wir einen Tisch mit vielen Glasflaschen.&nbsp;[sound:oddcast-5feea7b6-0aa45135-d671a117-cd400fdc-abe0995f.mp3] <br> <img src=""""https://github.com/frgomes/anki-decks/raw/master/German_Portuguese/assets/Story-002.png""""> ""","""Atrás do menino vemos uma mesa com muitos frascos de vidro.&nbsp;[sound:oddcast-bd6b21fa-4c663028-e1c7429e-e8b65b53-d5a3b9d5.mp3] <br> <img src=""""https://github.com/frgomes/anki-decks/raw/master/German_Portuguese/assets/Story-002.png""""> """,y,
"""Die erste Glasflasche hat orange Flüssigkeit.&nbsp;[sound:oddcast-399a7db4-ce539d20-e44b2263-95d3701c-13b522c4.mp3] <br> <img src=""""https://github.com/frgomes/anki-decks/raw/master/German_Portuguese/assets/Story-002.png""""> ""","""O primeiro frasco de vidro tem líquido laranja.&nbsp;[sound:oddcast-2427c636-97e4ce73-9386b384-210dec12-34a77d44.mp3] <br> <img src=""""https://github.com/frgomes/anki-decks/raw/master/German_Portuguese/assets/Story-002.png""""> """,y,
"""Die zweite Glasflasche hat blaue Flüssigkeit.&nbsp;[sound:oddcast-ef89fc9f-123cecb9-c20de935-059d5927-be986f68.mp3] <br> <img src=""""https://github.com/frgomes/anki-decks/raw/master/German_Portuguese/assets/Story-002.png""""> ""","""O segundo frasco de vidro tem líquido azul.&nbsp;[sound:oddcast-c2ae9acb-a1579864-b7108acc-2af6490f-6453d02b.mp3]<br> <br> <img src=""""https://github.com/frgomes/anki-decks/raw/master/German_Portuguese/assets/Story-002.png""""> """,y,
"""Die dritte Glasflasche hat rosa Flüssigkeit.&nbsp;[sound:oddcast-93c962c6-fcf70941-6b3a99de-49517fd7-fa68ebbb.mp3] <br> <img src=""""https://github.com/frgomes/anki-decks/raw/master/German_Portuguese/assets/Story-002.png""""> ""","""O terceiro frasco de vidro tem líquido rosa.&nbsp;[sound:oddcast-8e67025a-a2ff5b76-682e1ec9-c82743d3-dbf775db.mp3] <br> <img src=""""https://github.com/frgomes/anki-decks/raw/master/German_Portuguese/assets/Story-002.png""""> """,y,
"""Die vierte Glasflasche hat eine gelbe Flüssigkeit.&nbsp;[sound:oddcast-ea9f4012-292485ef-043f043c-31bf7f05-9a901dc3.mp3] <br> <img src=""""https://github.com/frgomes/anki-decks/raw/master/German_Portuguese/assets/Story-002.png""""> ""","""O quarto frasco de vidro tem líquido amarelo.&nbsp;[sound:oddcast-70653ab1-e7ba9aee-e65379c9-95d3b8ad-04ba83c6.mp3] <br> <img src=""""https://github.com/frgomes/anki-decks/raw/master/German_Portuguese/assets/Story-002.png""""> """,y,
"""Die fünfte Glasflasche hat rote Flüssigkeit.&nbsp;[sound:oddcast-8b05b490-ac865da0-4acbdec7-3403048f-2ee14d36.mp3] <br> <img src=""""https://github.com/frgomes/anki-decks/raw/master/German_Portuguese/assets/Story-002.png""""> ""","""O quinto frasco de vidro tem líquido vermelho.&nbsp;[sound:oddcast-10389f9b-0f6b6ffe-c8bbb378-65ff9226-94265b34.mp3] <br> <img src=""""https://github.com/frgomes/anki-decks/raw/master/German_Portuguese/assets/Story-002.png""""> """,y,
"Wir sehen drei Schränke im Labor. Ein Schrank hing an der Wand, ein Schrank an der Wand und ein Schrank am Boden.&nbsp;[sound:oddcast-2a1aaf2f-076ffbf6-b2951cee-e7c67b57-9c845191.mp3]","Vemos tres armários no laboratório. Um armário pendurado na parede, um armário encostado na parede e um armário no chão.&nbsp;[sound:oddcast-a53eb01f-ae41dcb2-1e60c8ed-3968a84d-47e0a4c6.mp3]",y,
Der Wandschrank hat zwei große Kisten und zwei große Glasflaschen.&nbsp;[sound:oddcast-75567902-965ceda5-d179a520-bdc9fbc2-2036c020.mp3],O armário pendurado na parede tem duas caixas grandes e dois frascos de vidro grandes.&nbsp;[sound:oddcast-dff925e0-dfe69ffd-b6e65b83-47619fea-4fbdb83b.mp3],y,
"""Der Schrank an der Wand hat vier Plastikflaschen und viele Glasflaschen.&nbsp;[sound:oddcast-48f2dec8-56ecd49d-00c1b3d3-fc44b6f6-050896f0.mp3] <br> <img src=""""https://github.com/frgomes/anki-decks/raw/master/German_Portuguese/assets/Story-002.png""""> ""","""O armário enconstado na parede tem quatro frascos de plástico e muitos frascos de vidro.&nbsp;[sound:oddcast-91681db6-2b6c342c-8e7db7bf-e26d2bfb-1a215802.mp3] <br> <img src=""""https://github.com/frgomes/anki-decks/raw/master/German_Portuguese/assets/Story-002.png""""> """,y,
"""Die Glasflaschen sind leer.&nbsp;[sound:oddcast-e11cb025-c5377506-978652b7-96183880-0a2206da.mp3] <br> <img src=""""https://github.com/frgomes/anki-decks/raw/master/German_Portuguese/assets/Story-002.png""""> ""","""Os frascos de vidro estão vazios.&nbsp;[sound:oddcast-12c45bf2-f8ac917d-84d85a44-ed1e7044-caf1ccea.mp3] <br> <img src=""""https://github.com/frgomes/anki-decks/raw/master/German_Portuguese/assets/Story-002.png""""> """,y,
"""Der Schrank auf dem Boden hat drei geschlossene Türen.&nbsp;[sound:oddcast-3355f95a-1103e1f0-1a3d2941-e1ee5ccd-218a9f94.mp3] <br> <img src=""""https://github.com/frgomes/anki-decks/raw/master/German_Portuguese/assets/Story-002.png""""> ""","""O armário no chão tem tres portas fechadas.&nbsp;[sound:oddcast-9fc89aa7-61ab1090-78489967-dcfbbf9c-70f41979.mp3] <br> <img src=""""https://github.com/frgomes/anki-decks/raw/master/German_Portuguese/assets/Story-002.png""""> """,y,
"""Der Bodenschrank hat ein Waschbecken mit Wasserhahn.&nbsp;[sound:oddcast-ecc6c302-af1cc8aa-af6c3058-b41be8b4-630ce023.mp3] <br> <img src=""""https://github.com/frgomes/anki-decks/raw/master/German_Portuguese/assets/Story-002.png""""> ""","""O armário no chão tem uma pia com torneira.&nbsp;[sound:oddcast-b979134c-9804e10b-1b1ad24d-31fc5c15-414a8b6c.mp3] <br> <img src=""""https://github.com/frgomes/anki-decks/raw/master/German_Portuguese/assets/Story-002.png""""> """,y,
"""Wir sehen eine Waage über dem Waschbecken im Schrank.&nbsp;[sound:oddcast-dc74faec-2d7dc52b-20ff4a99-e81fd3b9-c44ef2f2.mp3] <br> <img src=""""https://github.com/frgomes/anki-decks/raw/master/German_Portuguese/assets/Story-002.png""""> ""","""Vemos uma balança sobre a pia do armário.&nbsp;[sound:oddcast-1a85da98-26c6c5ea-c3796ad3-dfcb620c-71e9b510.mp3] <br> <img src=""""https://github.com/frgomes/anki-decks/raw/master/German_Portuguese/assets/Story-002.png""""> """,y,
"""Wir sehen das Periodensystem der Elemente an der Wand hängen.&nbsp;[sound:oddcast-c5b56e98-553a1c97-39478309-f6757f19-ab2e5fcb.mp3] <br> <img src=""""https://github.com/frgomes/anki-decks/raw/master/German_Portuguese/assets/Story-002.png""""> ""","""Vemos a Tabela Periódica dos Elementos pendurada na parede.&nbsp;[sound:oddcast-3ab0727e-522999dc-19107625-4b8db0d5-54e63459.mp3] <br> <img src=""""https://github.com/frgomes/anki-decks/raw/master/German_Portuguese/assets/Story-002.png""""> """,y,
"""Von der Decke hängt eine große Lampe. Die Lampe leuchtet.&nbsp;[sound:oddcast-525d38fa-9a51398c-4da20b61-d067c726-be7b7227.mp3] <br> <img src=""""https://github.com/frgomes/anki-decks/raw/master/German_Portuguese/assets/Story-002.png""""> ""","""Tem uma lâmpada grande pendurada no teto. A lâmpada está ligada.&nbsp;[sound:oddcast-ba3b545b-56553111-4ae1f21e-aaddbfbe-5b2c2340.mp3] <br> <img src=""""https://github.com/frgomes/anki-decks/raw/master/German_Portuguese/assets/Story-002.png""""> """,y,
"""Der Mann hat einen Schatten. Der Junge hat auch einen Schatten.&nbsp;[sound:oddcast-69261cae-bb4c157f-5f19aa38-a79d799d-5a006487.mp3] <br> <img src=""""https://github.com/frgomes/anki-decks/raw/master/German_Portuguese/assets/Story-002.png""""> ""","""O homem tem uma sombra. O menino tem uma sombra também.&nbsp;[sound:oddcast-37314806-885509b2-79ddc252-c038e6e2-dfe5764e.mp3] <br> <img src=""""https://github.com/frgomes/anki-decks/raw/master/German_Portuguese/assets/Story-002.png""""> """,y,
"""Der Laborboden ist grün, die Wände sind blau und die Decke ist weiß.&nbsp;[sound:oddcast-3f956337-d5390bdb-3c8b0648-18b608c2-7ea8ed52.mp3] <br> <img src=""""https://github.com/frgomes/anki-decks/raw/master/German_Portuguese/assets/Story-002.png""""> ""","""O chão do laboratório é verde, as paredes são azuis e o teto é branco.&nbsp;[sound:oddcast-ba79b48d-1004d2b8-89538dbc-75e2b578-3ccb5c0b.mp3] <br> <img src=""""https://github.com/frgomes/anki-decks/raw/master/German_Portuguese/assets/Story-002.png""""> """,y,
"""Der Junge will Baseball spielen.&nbsp;[sound:oddcast-0f83c9ee-8bed011c-565dbd39-2ccd730a-8f6b718d.mp3] <br> <img src=""""https://github.com/frgomes/anki-decks/raw/master/German_Portuguese/assets/Story-002.png""""> ""","""O menino quer jogar baseball.&nbsp;[sound:oddcast-76e331d6-d391f0fd-9cc52595-108a91fa-0784de19.mp3] <br> <img src=""""https://github.com/frgomes/anki-decks/raw/master/German_Portuguese/assets/Story-002.png""""> """,y,
"""Der Junge will im Labor Baseball spielen.&nbsp;[sound:oddcast-8d0f0dfe-0f114df4-ec17e46b-d2ac9a37-f03a550e.mp3] <br> <img src=""""https://github.com/frgomes/anki-decks/raw/master/German_Portuguese/assets/Story-002.png""""> ""","""O menino quer jogar baseball dentro do laboratório.&nbsp;[sound:oddcast-364c54dd-540a8ea4-df977a30-8fded8c5-508785ae.mp3] <br> <img src=""""https://github.com/frgomes/anki-decks/raw/master/German_Portuguese/assets/Story-002.png""""> """,y,
"""Der Mann sagt dem Jungen, er solle im Labor nicht Baseball spielen.&nbsp;[sound:oddcast-0ff85f39-593b56fd-5f2eb482-4eb6c66f-64d17efc.mp3] <br> <img src=""""https://github.com/frgomes/anki-decks/raw/master/German_Portuguese/assets/Story-002.png""""> ""","""O homem diz ao menino para não jogar baseball dentro do laboratório.&nbsp;[sound:oddcast-48da83b9-ba03eba5-abf93325-02fed5a6-f2870094.mp3] <br> <img src=""""https://github.com/frgomes/anki-decks/raw/master/German_Portuguese/assets/Story-002.png""""> """,y,
"""Wasser fließt im Fluss.&nbsp;[sound:oddcast-b78859e4-09b46587-54398df0-1b8461c1-364372e8.mp3]<br> <br> <img src=""""https://raw.githubusercontent.com/frgomes/anki-decks/master/German_Portuguese/assets/Story-001.png?token=AAJTCXVM637FEUDIZDLY5ZC76I2JI""""> ""","""A água corre no rio.&nbsp;[sound:oddcast-d935a0cb-0edec720-1cf7dc2f-b9c464b5-0f7d208b.mp3] <br> <img src=""""https://raw.githubusercontent.com/frgomes/anki-decks/master/German_Portuguese/assets/Story-001.png?token=AAJTCXVM637FEUDIZDLY5ZC76I2JI""""> """,y,
"""Dies ist ein Wohnzimmer.&nbsp;[sound:oddcast-46f27d67-cd37370c-110dad4e-f49f2166-ce908d10.mp3]<br> <img src=""""https://github.com/frgomes/anki-decks/raw/master/German_Portuguese/assets/Story-003a.png"""">""","""Isto é uma sala de estar.&nbsp;[sound:oddcast-2a71ceec-812881fa-139c3db7-4fbbd8c7-b7d5f4d4.mp3]<br><br> <img src=""""https://github.com/frgomes/anki-decks/raw/master/German_Portuguese/assets/Story-003a.png"""">""",y,
"""Wir sehen einen Mann und einen Jungen auf der Couch sitzen.&nbsp;[sound:oddcast-85dc97ea-ce7882ff-dd2fd680-1c2b4b3a-e2b8fd79.mp3]<br> <img src=""""https://github.com/frgomes/anki-decks/raw/master/German_Portuguese/assets/Story-003a.png"""">""","""Vemos um homem e um menino sentados no sofá.&nbsp;[sound:oddcast-099539c0-4e4549ec-bed9f0b5-9fde8b11-2e0716c0.mp3]<br> <img src=""""https://github.com/frgomes/anki-decks/raw/master/German_Portuguese/assets/Story-003a.png"""">""",y,
"""Der Mann und der Junge lesen ein Buch.&nbsp;[sound:oddcast-afbf237b-273e156b-441fe268-20194e53-9d4103d8.mp3]<br> <img src=""""https://github.com/frgomes/anki-decks/raw/master/German_Portuguese/assets/Story-003a.png"""">""","""O homem e o menino estão lendo um livro.&nbsp;[sound:oddcast-d649ec04-8afef8f8-6520a48c-1d5e9973-a2274f44.mp3]<br><br> <img src=""""https://github.com/frgomes/anki-decks/raw/master/German_Portuguese/assets/Story-003a.png"""">""",y,
"""Der Mann trägt ein graues Hemd und blaue Jeans.&nbsp;[sound:oddcast-b7f368d8-c67fb988-ee54cdf0-5473b0ff-a8994d64.mp3]<br> <img src=""""https://github.com/frgomes/anki-decks/raw/master/German_Portuguese/assets/Story-003a.png"""">""","""O homem veste camiza cinzenta e calça jeans azul.&nbsp;[sound:oddcast-54ccc5ae-ce7bcec9-33df0c7d-b85495b4-67a7d5be.mp3]<br><br> <img src=""""https://github.com/frgomes/anki-decks/raw/master/German_Portuguese/assets/Story-003a.png"""">""",y,
"""Der Mann trägt schwarze Socken.&nbsp;[sound:oddcast-6443f450-e8e87b0f-6161fdba-f4f7f9d0-531c84a0.mp3]<br> <img src=""""https://github.com/frgomes/anki-decks/raw/master/German_Portuguese/assets/Story-003a.png"""">""","""O homem calça meias pretas.&nbsp;[sound:oddcast-a311e51f-329bc369-56cf3564-58c717a6-e3ef94be.mp3]<br><br> <img src=""""https://github.com/frgomes/anki-decks/raw/master/German_Portuguese/assets/Story-003a.png"""">""",y,
"""Der Junge trägt ein beiges T-Shirt und blaue Jeans.&nbsp;[sound:oddcast-791c1223-ac9fe6fe-43036e70-43fba575-0a2c743e.mp3]<br> <img src=""""https://github.com/frgomes/anki-decks/raw/master/German_Portuguese/assets/Story-003a.png"""">""","""O menino veste camiseta bege e calça jeans azul.&nbsp;[sound:oddcast-ea09f466-4e9514fc-795b016e-d09038ea-56733489.mp3]<br><br> <img src=""""https://github.com/frgomes/anki-decks/raw/master/German_Portuguese/assets/Story-003a.png"""">""",y,
"""Der Junge trägt auch schwarze Socken.&nbsp;[sound:oddcast-0bb670bd-a09b162c-500a444a-83b97411-e81455e4.mp3]<br> <img src=""""https://github.com/frgomes/anki-decks/raw/master/German_Portuguese/assets/Story-003a.png"""">""","""O menino calça meias pretas também.&nbsp;[sound:oddcast-c0b7bc28-91a94907-b3c8ced2-0865754e-4eca7080.mp3]<br><br> <img src=""""https://github.com/frgomes/anki-decks/raw/master/German_Portuguese/assets/Story-003a.png"""">""",y,
"""Der Mann hat weiße Haare, Bart und Schnurrbart.&nbsp;[sound:oddcast-b55c30c8-aa353d1e-94829f4c-ee1ab1d4-71e99756.mp3]<br> <img src=""""https://github.com/frgomes/anki-decks/raw/master/German_Portuguese/assets/Story-003a.png"""">""","""O homem tem cabelos, barba e bigode brancos.&nbsp;[sound:oddcast-7d305a90-161d4dc1-8ea33254-6494d831-6e9e3ea6.mp3]<br><br> <img src=""""https://github.com/frgomes/anki-decks/raw/master/German_Portuguese/assets/Story-003a.png"""">""",y,
"""Der Junge hat blondes Haar.&nbsp;[sound:oddcast-bbcc5715-e20781ee-6e0a3cdd-70e3e8a8-27317d44.mp3]<br> <img src=""""https://github.com/frgomes/anki-decks/raw/master/German_Portuguese/assets/Story-003a.png"""">""","""O menino tem cabelos loiros.&nbsp;[sound:oddcast-626eec62-9741ae0d-b884fe1f-a27cad37-08221cb8.mp3]<br><br> <img src=""""https://github.com/frgomes/anki-decks/raw/master/German_Portuguese/assets/Story-003a.png"""">""",y,
"""Wir sehen links drei Kissen auf dem Sofa.&nbsp;[sound:oddcast-9660e422-f5b42310-7182567b-ece7b1fc-70c3b2f7.mp3]<br> <img src=""""https://github.com/frgomes/anki-decks/raw/master/German_Portuguese/assets/Story-003a.png"""">""","""Vemos tres almofadas sobre o sofá do lado esquerdo.&nbsp;[sound:oddcast-04137299-75e12fa3-655ae7ea-fa797fb2-e8978ca1.mp3]<br><br> <img src=""""https://github.com/frgomes/anki-decks/raw/master/German_Portuguese/assets/Story-003a.png"""">""",y,
"""Wir sehen ein weiteres Sofa auf der rechten Seite.&nbsp;[sound:oddcast-583765ac-a55f092c-92fd23c0-08ffe887-652ef4e0.mp3]<br> <img src=""""https://github.com/frgomes/anki-decks/raw/master/German_Portuguese/assets/Story-003a.png"""">""","""Vemos um outro sofá do lado direito.&nbsp;[sound:oddcast-9f7c2ff1-255540f0-9cce9883-54b9d3aa-07c0cebb.mp3]<br> <img src=""""https://github.com/frgomes/anki-decks/raw/master/German_Portuguese/assets/Story-003a.png"""">""",y,
"""Wir sehen auch drei Kissen auf dem Sofa auf der rechten Seite.&nbsp;[sound:oddcast-c1401f6e-033e5059-344a06f1-6a6739d0-ba06151d.mp3]<br> <img src=""""https://github.com/frgomes/anki-decks/raw/master/German_Portuguese/assets/Story-003a.png"""">""","""Vemos tres almofadas sobre o sofá do lado direito também.&nbsp;[sound:oddcast-18be7fd7-18b60fa2-5a1a99a8-9db27fb5-4ad75425.mp3]<br><br> <img src=""""https://github.com/frgomes/anki-decks/raw/master/German_Portuguese/assets/Story-003a.png"""">""",y,
"""Das Zimmer hat einen Parkettboden.&nbsp;[sound:oddcast-90eaeb18-cd1c8aa2-d0d7ad9e-c34bbc1d-1c8b7abc.mp3]<br> <img src=""""https://github.com/frgomes/anki-decks/raw/master/German_Portuguese/assets/Story-003a.png"""">""","""A sala é de piso de taco, ou de piso parquet.&nbsp;[sound:oddcast-53170384-d9951f82-97f3e096-aba264e0-3df8f04f.mp3]<br><br> <img src=""""https://github.com/frgomes/anki-decks/raw/master/German_Portuguese/assets/Story-003a.png"""">""",y,
"""Auf dem Boden liegt ein bunter Teppich. Der Teppich ist weiß, braun und gelb.&nbsp;[sound:oddcast-a4298b68-8177a650-727b39bf-04951bca-8d68e841.mp3]<br> <img src=""""https://github.com/frgomes/anki-decks/raw/master/German_Portuguese/assets/Story-003a.png""""> ""","""Há um tapete colorido sobre o piso. O tapete é branco, marrom e amarelo.&nbsp;[sound:oddcast-c1210046-7552cd39-742115cc-47dc164f-3cb31121.mp3]<br><br> <img src=""""https://github.com/frgomes/anki-decks/raw/master/German_Portuguese/assets/Story-003a.png"""">""",y,
"""Wir sehen einen Staubsauger auf dem Teppich.&nbsp;[sound:oddcast-a3156ab5-7d7ec796-d8bdf721-ba5ec7ec-cde9da6f.mp3]<br> <img src=""""https://github.com/frgomes/anki-decks/raw/master/German_Portuguese/assets/Story-003a.png"""">""","""Vemos um aspirador de pó sobre o tapete.&nbsp;[sound:oddcast-698445da-cca1acc8-571c7c4a-66835130-8ea91bc7.mp3]<br><br> <img src=""""https://github.com/frgomes/anki-decks/raw/master/German_Portuguese/assets/Story-003a.png"""">""",y,
"""Das Sofa besteht aus Stoff.&nbsp;[sound:oddcast-291ad8cc-7b62ad32-4962e0f1-dd030e59-c1457a57.mp3]<br> <img src=""""https://github.com/frgomes/anki-decks/raw/master/German_Portuguese/assets/Story-003a.png"""">""","""O sofá é feito de tecido.&nbsp;[sound:oddcast-dfafd81a-06f73e82-f63d7a97-856cb1bb-bd39b935.mp3]<br> <img src=""""https://github.com/frgomes/anki-decks/raw/master/German_Portuguese/assets/Story-003a.png"""">""",y,
"""Der Staubsauger besteht aus Kunststoff.&nbsp;[sound:oddcast-cd07bb26-d1fdb1ba-77df002a-01a99a5b-1a832c3e.mp3]<br> <img src=""""https://github.com/frgomes/anki-decks/raw/master/German_Portuguese/assets/Story-003a.png"""">""","""O aspirador é feito de plástico.&nbsp;[sound:oddcast-687653b7-333b2749-be3e9fe3-3d03eb2b-272c9171.mp3]<br><br> <img src=""""https://github.com/frgomes/anki-decks/raw/master/German_Portuguese/assets/Story-003a.png"""">""",y,
"""Der Boden ist aus Holz.&nbsp;[sound:oddcast-0f15f714-10436677-b8857ac3-665a606b-452b4863.mp3]<br> <img src=""""https://github.com/frgomes/anki-decks/raw/master/German_Portuguese/assets/Story-003a.png"""">""","""O piso é de madeira.&nbsp;[sound:oddcast-132d71b6-61b02ce8-5f746d21-6b37ecf9-8eae560d.mp3]<br> <img src=""""https://github.com/frgomes/anki-decks/raw/master/German_Portuguese/assets/Story-003a.png"""">""",y,
"""Der Staubsauger hat ein Kunststoffrohr und ein Metallrohr.&nbsp;[sound:oddcast-8c48e56d-b77d5a24-e3fffffa-1a714bb1-358691bc.mp3]<br> <img src=""""https://github.com/frgomes/anki-decks/raw/master/German_Portuguese/assets/Story-003a.png"""">""","""O aspirador tem um tubo de plástico e um tubo de metal.&nbsp;[sound:oddcast-43327952-6db1127f-2019f384-55223d2b-da01b73c.mp3]<br><br> <img src=""""https://github.com/frgomes/anki-decks/raw/master/German_Portuguese/assets/Story-003a.png"""">""",y,
"""Wir sehen einen quadratischen Couchtisch auf dem Teppich.&nbsp;[sound:oddcast-7ed8a2f1-29cd9049-c018c354-c24c42d6-0940a26f.mp3]<br> <img src=""""https://github.com/frgomes/anki-decks/raw/master/German_Portuguese/assets/Story-003a.png"""">""","""Vemos uma mesa de centro quadrada sobre o tapete.&nbsp;[sound:oddcast-d1b69a7c-c3c894af-2f5192b2-9d86cd4a-c6369624.mp3]<br><br> <img src=""""https://github.com/frgomes/anki-decks/raw/master/German_Portuguese/assets/Story-003a.png"""">""",y,
"""Auf dem Tisch steht eine weiße Vase mit Pflanzen.&nbsp;[sound:oddcast-7ec2d10e-45967cc5-a2183971-bd8926e3-dca02ab2.mp3]<br> <img src=""""https://github.com/frgomes/anki-decks/raw/master/German_Portuguese/assets/Story-003a.png"""">""","""Tem um vaso branco com plantas sobre a mesa.&nbsp;[sound:oddcast-559806b3-4c2a8813-8ffb05eb-9dd40daf-37e1588a.mp3]<br> <img src=""""https://github.com/frgomes/anki-decks/raw/master/German_Portuguese/assets/Story-003a.png"""">""",y,
"""Wir sehen einen runden Tisch neben dem Jungen.&nbsp;[sound:oddcast-4bddf970-7882ebe1-9e6c262b-0d136f1e-c3399cba.mp3]<br> <img src=""""https://github.com/frgomes/anki-decks/raw/master/German_Portuguese/assets/Story-003a.png"""">""","""Vemos uma mesinha redonda perto do menino.&nbsp;[sound:oddcast-07fd957d-cf3179c2-60b1a2a3-18f3552d-44e844bc.mp3]<br><br> <img src=""""https://github.com/frgomes/anki-decks/raw/master/German_Portuguese/assets/Story-003a.png"""">""",y,
"""Auf dem runden Tisch steht eine Lampe.&nbsp;[sound:oddcast-377b166c-8de9f35a-4bc81381-73eb6859-26a853ff.mp3]<br> <img src=""""https://github.com/frgomes/anki-decks/raw/master/German_Portuguese/assets/Story-003a.png"""">""","""Tem uma lâmpada sobre a mesinha redonda.&nbsp;[sound:oddcast-6e949401-4c3a39de-b0bd1a9b-bab9020a-ecf363d9.mp3]<br><br> <img src=""""https://github.com/frgomes/anki-decks/raw/master/German_Portuguese/assets/Story-003a.png"""">""",y,
"""Wir sehen einen Schalter neben der Lampe.&nbsp;[sound:oddcast-cf8acc5f-0d25f13f-bab82acd-6e789987-77a08bfe.mp3]<br> <img src=""""https://github.com/frgomes/anki-decks/raw/master/German_Portuguese/assets/Story-003a.png"""">""","""Vemos um interruptor próximo à lâmpada.&nbsp;[sound:oddcast-99104858-d66e4324-25ea9567-bd0e1904-258382ba.mp3]<br> <img src=""""https://github.com/frgomes/anki-decks/raw/master/German_Portuguese/assets/Story-003a.png"""">""",y,
"""Der Schalter schaltet das Raumlicht ein und aus.&nbsp;[sound:oddcast-d6e756bc-eb4064d7-2742fb04-6019e80d-b2adea4a.mp3]<br> <img src=""""https://github.com/frgomes/anki-decks/raw/master/German_Portuguese/assets/Story-003a.png"""">""","""O interruptor liga e desliga a luz da sala.&nbsp;[sound:oddcast-e3f7fdfd-7c477437-da170eb7-c3ec8544-c0a0f3c8.mp3]<br><br> <img src=""""https://github.com/frgomes/anki-decks/raw/master/German_Portuguese/assets/Story-003a.png"""">""",y,
"""Wir sehen ein geschlossenes Fenster auf der linken Seite des Raumes.&nbsp;[sound:oddcast-0cf624ab-63a547d7-6da97c76-3f989270-14a187e3.mp3]<br> <img src=""""https://github.com/frgomes/anki-decks/raw/master/German_Portuguese/assets/Story-003a.png"""">""","""Vemos uma janela fechada do lado esquerdo da sala.&nbsp;[sound:oddcast-ea9bfada-0de5bf62-603b610f-9d3b4f75-130fe839.mp3]<br><br> <img src=""""https://github.com/frgomes/anki-decks/raw/master/German_Portuguese/assets/Story-003a.png"""">""",y,
"""Wir sehen ein offenes Fenster auf der rechten Seite des Wohnzimmers.&nbsp;[sound:oddcast-be466477-c74b28d4-f584f1ec-b835a59c-20f981ff.mp3]<br> <img src=""""https://github.com/frgomes/anki-decks/raw/master/German_Portuguese/assets/Story-003a.png"""">""","""Vemos uma janela aberta do lado direito da sala.&nbsp;[sound:oddcast-b0edb5e4-2fda0099-4d776bdc-8516d00f-b92ac491.mp3]<br><br> <img src=""""https://github.com/frgomes/anki-decks/raw/master/German_Portuguese/assets/Story-003a.png"""">""",y,
"""Das linke Fenster hat einen Gardine.&nbsp;[sound:oddcast-26befaef-853ce144-2ba4b4fa-5b32e41b-87f790d5.mp3]<br> <img src=""""https://github.com/frgomes/anki-decks/raw/master/German_Portuguese/assets/Story-003a.png"""">""","""A janela da esquerda tem uma cortina.&nbsp;[sound:oddcast-5120afb2-6b22f428-51ee6f19-79d4ac63-5d5e66ec.mp3]<br> <img src=""""https://github.com/frgomes/anki-decks/raw/master/German_Portuguese/assets/Story-003a.png"""">""",y,
"""Wir sehen einen Ecktisch am Fenster rechts.&nbsp;[sound:oddcast-fa56beaa-3dd21230-7df3a5fd-00c88aa2-e7196e77.mp3]<br> <img src=""""https://github.com/frgomes/anki-decks/raw/master/German_Portuguese/assets/Story-003a.png"""">""","""Vemos uma mesa de canto junto à janela do lado direito.&nbsp;[sound:oddcast-7b1c74ea-d490b924-aba35adb-698bce0c-b2a5c7f8.mp3]<br> <img src=""""https://github.com/frgomes/anki-decks/raw/master/German_Portuguese/assets/Story-003a.png"""">""",y,
"""Wir sehen einen Lautsprecher auf dem Tisch und einen Subwoofer unter dem Tisch.&nbsp;[sound:oddcast-cb487f41-22fbb329-99fc0546-38794a1b-cdab473e.mp3]<br> <img src=""""https://github.com/frgomes/anki-decks/raw/master/German_Portuguese/assets/Story-003a.png"""">""","""Vemos uma caixa de som sobre a mesa e um subwoofer debaixo da mesa.&nbsp;[sound:oddcast-955c345c-0ebd8cf4-475be5d6-42fb5d7d-450b1f79.mp3]<br> <img src=""""https://github.com/frgomes/anki-decks/raw/master/German_Portuguese/assets/Story-003a.png"""">""",y,
"""Ein Kabel führt vom Lautsprecher zum Subwoofer.&nbsp;[sound:oddcast-36e9c050-eb560615-5d91d852-b02a02c7-163aac0a.mp3]<br> <img src=""""https://github.com/frgomes/anki-decks/raw/master/German_Portuguese/assets/Story-003a.png"""">""","""Um cabo vai da caixa de som para o subwoofer.&nbsp;[sound:oddcast-87c5b0a2-dc348c75-53583811-5bb1a48c-631b8400.mp3]<br><br> <img src=""""https://github.com/frgomes/anki-decks/raw/master/German_Portuguese/assets/Story-003a.png"""">""",y,
"""Wir sehen vier Steckdosen an der Wand in der Nähe des Subwoofers.&nbsp;[sound:oddcast-f0001a71-20013625-aee02b53-3b1d1dbb-152b4afd.mp3]<br> <img src=""""https://github.com/frgomes/anki-decks/raw/master/German_Portuguese/assets/Story-003a.png"""">""","""Vemos quatro tomadas na parede, perto do subwoofer.&nbsp;[sound:oddcast-0fe64e1d-2dbbeaa9-4fb79ce8-6c475a06-a7ca3568.mp3]<br><br> <img src=""""https://github.com/frgomes/anki-decks/raw/master/German_Portuguese/assets/Story-003a.png"""">""",y,
"""Der Stecker ist in die Steckdose eingesteckt.&nbsp;[sound:oddcast-c0d380c3-fc606b3c-66bafef4-df7be13b-36447d2c.mp3]<br> <img src=""""https://github.com/frgomes/anki-decks/raw/master/German_Portuguese/assets/Story-003a.png"""">""","""O plugue está plugado à tomada.&nbsp;[sound:oddcast-ea8302c6-30c70aa5-a4cab001-da0e5eaf-dedbd347.mp3]<br><br> <img src=""""https://github.com/frgomes/anki-decks/raw/master/German_Portuguese/assets/Story-003a.png"""">""",y,
"""Wir sehen vier Stecker in die vier Steckdosen gesteckt.&nbsp;[sound:oddcast-e9140ea4-89be658d-55bc26be-a91499d7-03df2b9d.mp3]<br> <img src=""""https://github.com/frgomes/anki-decks/raw/master/German_Portuguese/assets/Story-003a.png"""">""","""Vemos quatro plugues plugados às quatro tomadas.&nbsp;[sound:oddcast-c7765000-048c4aff-997fe35b-0f068cec-efc00330.mp3]<br><br> <img src=""""https://github.com/frgomes/anki-decks/raw/master/German_Portuguese/assets/Story-003a.png"""">""",y,
"""Wir sehen eine Metallheizung unter dem Ecktisch.&nbsp;[sound:oddcast-b54ce6ba-61d51573-11b4118d-fd90f217-256fc262.mp3]<br> <img src=""""https://github.com/frgomes/anki-decks/raw/master/German_Portuguese/assets/Story-003a.png"""">""","""Vemos um aquecedor de metal debaixo da mesa de canto.&nbsp;[sound:oddcast-63603387-9ad6fb5c-3b0045f5-1663f837-1a9cecf9.mp3]<br> <img src=""""https://github.com/frgomes/anki-decks/raw/master/German_Portuguese/assets/Story-003a.png"""">""",y,
"""Wir sehen einen Holzstuhl neben dem Ecktisch.&nbsp;[sound:oddcast-fea8610b-0e9bc79b-f201f526-ab66d183-0d20e2f4.mp3]<br> <img src=""""https://github.com/frgomes/anki-decks/raw/master/German_Portuguese/assets/Story-003a.png"""">""","""Vemos uma cadeira de madeira perto da mesa de canto.&nbsp;[sound:oddcast-ccda83ab-198dfaef-9500bf24-0236e7a2-a5adf02d.mp3]<br> <img src=""""https://github.com/frgomes/anki-decks/raw/master/German_Portuguese/assets/Story-003a.png"""">""",y,
"""Auf dem Ecktisch steht eine Glasvase mit Blumen.&nbsp;[sound:oddcast-0aae6205-b03cb7f2-a74ae2b3-67b7c6f5-2784c26f.mp3]<br> <img src=""""https://github.com/frgomes/anki-decks/raw/master/German_Portuguese/assets/Story-003a.png"""">""","""Tem um vaso de vidro com flores sobre a mesa de canto.&nbsp;[sound:oddcast-6b507f77-01e94814-4e005e46-b843e8f0-8e4d6eae.mp3]<br><br> <img src=""""https://github.com/frgomes/anki-decks/raw/master/German_Portuguese/assets/Story-003a.png"""">""",y,
Dies ist ein Foto.&nbsp;[sound:oddcast-d661cd41-87988b16-db9443e5-e69ec039-845d76a8.mp3],Esta é uma fotografia.&nbsp;[sound:oddcast-9d9568aa-0492e0a2-5632708a-4d2e3d2e-0c2a9042.mp3],y,
Ich heiße Sebastian.&nbsp;[sound:oddcast-717deab8-2ec6fc4f-819dbc22-456272e4-6301563e.mp3],Meu nome é Ricardo.&nbsp;[sound:oddcast-011c0f75-7513cbba-f7e4d30d-73c95d96-871b5168.mp3],y,
Ich bin Softwareentwickler und arbeite für IBM.&nbsp;[sound:oddcast-e1f7fcb7-0b23a228-ea52b28b-12480631-41d771fb.mp3],Eu sou Desenvolvedor de Software e trabalho para a IBM.&nbsp;[sound:oddcast-226353a7-6121ef53-fb085db9-437983b7-5d2038a4.mp3],y,
"Ich bin Deutscher und lebe seit 2005 in Austin, Texas.&nbsp;[sound:oddcast-b52147c2-f8ce81d2-158085f0-cb3a6a3a-1b0a19ed.mp3]","Eu sou brasileiro e vivo em Austin, Texas, desde 2005. [sound:oddcast-ab368b3e-1f357c2b-71907f47-652f9a5e-df0867b2.mp3]",y,
Ich bin verheiratet und habe zwei Söhne und eine Tochter.&nbsp;[sound:oddcast-0341dfb2-8088733b-bcbd5a9c-f130756e-f8b86ab2.mp3],Sou casado e tenho dois filhos e uma filha.&nbsp;[sound:oddcast-c8f5c2b6-a4ccaeb3-a7700af1-ddccb75f-df1494f4.mp3],y,
Meine Frau ist Chinesin und arbeitet alleine.&nbsp;[sound:oddcast-df77b774-bf4b5407-ee68f0b8-2504f708-5c3d572a.mp3],Minha esposa é chinesa e trabalha por conta própria.&nbsp;[sound:oddcast-897a94b9-c83b185e-4877d13b-1fea068b-b7fd57d8.mp3],y,
Meine Frau kümmert sich um das Familienunternehmen.&nbsp;[sound:oddcast-e54087a4-1f8d4fe7-b56017ed-a939a5cd-16298993.mp3],Minha esposa cuida dos negócios da familia.&nbsp;[sound:oddcast-6477ee66-0438cd19-0d0e14b3-4ec1084c-26fa7f4f.mp3],y,
"Ich habe einen Hund, eine Katze und einen Goldfisch.&nbsp;[sound:oddcast-6825b600-44390ab5-1defddfd-d4a14d8b-9eb5cd05.mp3]","Eu tenho um cachorro, um gato e um peixe dourado.&nbsp;[sound:oddcast-ebcea145-4e846941-89913928-76e979ab-ccb8a160.mp3]",y,
"Mein Bruder lebt in Deutschland, ist geschieden und hat keine Kinder.&nbsp;[sound:oddcast-1db15abb-3191659c-87e09bd3-e8615e21-fbfe6630.mp3]","Meu irmão vive no Brasil, é divorciado e não tem filhos.&nbsp;[sound:oddcast-074f4316-84c26161-fc422bc6-7c6f1b97-0ed831ed.mp3]",y,
Meine Familie ist klein und meine Eltern sind verstorben.&nbsp;[sound:oddcast-7fc5ada1-3fef7bf0-01e2ec2e-e8eee706-8446c7a9.mp3],Minha familia é pequena e meus pais são falecidos.&nbsp;[sound:oddcast-df11e37e-0364ec29-5a3db38e-5c8ec2c9-570d943c.mp3],y,
Die Familie meiner Frau ist groß. Die Eltern meiner Frau leben.&nbsp;[sound:oddcast-fb8f7f32-da6820ff-4de96ba2-778c84f9-2be931f9.mp3],A família de minha esposa é grande. Os pais de minha esposa estão vivos.&nbsp;[sound:oddcast-756a0d7e-17fee158-45c49da3-6ba54ae1-1e7bd6e0.mp3],y,
"Meine Frau hat drei Neffen, die in China leben.&nbsp;[sound:oddcast-88bed3ff-b28b7a8f-b5872a04-ed52edd1-745cee7e.mp3]",Minha esposa tem três sobrinhos vivendo na China.&nbsp;[sound:oddcast-644f22c5-7d96143b-9793b135-bd179937-71081bc4.mp3],y,
Ich möchte Portugiesisch lernen.&nbsp;[sound:oddcast-fa14a4e6-0c9cc7ae-06ab7e43-5d608f94-197436e7.mp3],Eu quero aprender alemão.&nbsp;[sound:oddcast-f11c850a-70281110-5e133577-e4273a5c-23a59c58.mp3],y,
